{
    "click0": {
        "pos": [
            8.00390625,
            176.5078125
        ]
    },
    "click1": {
        "pos": [
            439.5546875,
            134.39453125
        ]
    },
    "click2": {
        "pos": [
            397.890625,
            159.7890625
        ]
    }
}